City_ID,City,Lat,Lng,Max Temp,Humidity,Cloudiness,Wind Speed,Country,Current Description
0,Ushuaia,-54.8,-68.3,59.0,63,75,19.57,AR,moderate rain
1,Eisenerz,47.5333,14.8833,44.6,65,75,6.91,AT,broken clouds
2,Lawrenceburg,38.0373,-84.8966,71.6,56,1,11.5,US,clear sky
3,Cabedelo,-6.9811,-34.8339,82.4,78,20,9.22,BR,few clouds
4,Upernavik,72.7868,-56.1549,-25.28,88,18,4.94,GL,few clouds
5,Saldanha,-33.0117,17.9442,59.0,72,0,6.91,ZA,clear sky
6,Katghora,22.5,82.55,71.44,18,0,6.24,IN,clear sky
7,Krasnoselkup,65.7,82.4667,3.7,97,94,6.76,RU,overcast clouds
8,Fos-Sur-Mer,43.4377,4.9446,53.6,53,0,9.22,FR,clear sky
9,Bethel,41.3712,-73.414,64.4,36,20,8.05,US,few clouds
10,Tessalit,20.1986,1.0114,73.15,8,0,14.14,ML,clear sky
11,Port Lincoln,-34.7333,135.8667,57.54,79,36,2.84,AU,scattered clouds
12,Kutum,14.2,24.6667,68.29,17,4,17.6,SD,clear sky
13,Camana,-16.6228,-72.7111,73.74,71,49,5.84,PE,scattered clouds
14,Mount Gambier,-37.8333,140.7667,50.0,93,98,5.75,AU,overcast clouds
15,Boguchany,58.3814,97.4531,25.09,97,100,3.15,RU,light snow
16,Bredasdorp,-34.5322,20.0403,60.8,67,36,4.61,ZA,scattered clouds
17,Portland,45.5234,-122.6762,60.01,54,40,1.61,US,scattered clouds
18,Ust-Kan,50.9276,84.761,24.89,91,100,4.85,RU,light snow
19,Kargasok,59.0556,80.8572,31.14,99,100,3.78,RU,overcast clouds
20,Barrow,71.2906,-156.7887,-14.8,91,1,2.35,US,clear sky
21,Yellowknife,62.456,-114.3525,21.99,63,75,11.5,CA,broken clouds
22,Temir,49.1414,57.13,15.3,95,56,7.09,KZ,broken clouds
23,Lompoc,34.6391,-120.4579,73.0,40,1,13.8,US,clear sky
24,New Norfolk,-42.7826,147.0587,53.01,84,100,3.33,AU,overcast clouds
25,Hithadhoo,-0.6,73.0833,83.84,72,100,14.61,MV,overcast clouds
26,Songjianghe,42.1859,127.479,39.61,87,100,1.45,CN,overcast clouds
27,Cockburn Town,21.4612,-71.1419,80.6,65,40,13.8,TC,scattered clouds
28,Punta Arenas,-53.15,-70.9167,50.0,81,90,28.77,CL,light rain
29,Kalmunai,7.4167,81.8167,78.03,81,79,1.88,LK,broken clouds
30,Port Elizabeth,-33.918,25.5701,62.6,67,20,10.36,ZA,few clouds
31,Rikitea,-23.1203,-134.9692,79.45,71,2,18.79,PF,clear sky
32,Hovd,48.0056,91.6419,26.64,29,8,1.57,MN,clear sky
33,Thompson,55.7435,-97.8558,21.2,53,75,10.36,CA,broken clouds
34,Kapaa,22.0752,-159.319,77.0,78,40,12.66,US,scattered clouds
35,Hermanus,-34.4187,19.2345,62.01,73,8,11.95,ZA,clear sky
36,Qaanaaq,77.484,-69.3632,-8.61,83,100,4.29,GL,overcast clouds
37,Ponta Do Sol,32.6667,-17.1,64.4,88,75,19.57,PT,broken clouds
38,Batagay-Alyta,67.8006,130.4114,-3.89,91,100,4.12,RU,overcast clouds
39,Saint George,37.1041,-113.5841,66.99,21,1,6.91,US,clear sky
40,Saint-Philippe,-21.3585,55.7679,77.0,88,90,4.61,RE,overcast clouds
41,Mahajanga,-15.7167,46.3167,78.8,94,20,3.44,MG,few clouds
42,Mataura,-46.1927,168.8643,57.0,95,98,4.0,NZ,overcast clouds
43,Kommunisticheskiy,61.6789,64.4819,16.32,96,78,5.75,RU,broken clouds
44,Jaisalmer,26.9147,70.9181,83.23,14,0,11.86,IN,clear sky
45,Chuy,-33.6971,-53.4616,72.64,84,100,4.0,UY,overcast clouds
46,Vaini,-21.2,-175.2,80.6,89,20,10.36,TO,few clouds
47,Terra Santa,-2.1042,-56.4869,83.39,71,77,2.64,BR,broken clouds
48,Half Moon Bay,37.4636,-122.4286,68.0,42,1,6.91,US,clear sky
49,Kargat,55.1956,80.2811,26.17,97,99,6.53,RU,light snow
50,Valparaiso,-33.0393,-71.6273,77.0,38,0,5.75,CL,clear sky
51,Beringovskiy,63.05,179.3167,0.05,95,100,6.85,RU,overcast clouds
52,Mahebourg,-20.4081,57.7,77.0,83,75,5.75,MU,broken clouds
53,Nanortalik,60.1432,-45.2371,13.42,62,99,17.16,GL,overcast clouds
54,Elat,29.5581,34.9482,60.8,31,0,18.41,IL,clear sky
55,Leningradskiy,69.3833,178.4167,-11.0,89,37,7.61,RU,scattered clouds
56,Mackay,-21.15,149.2,68.0,100,0,5.75,AU,clear sky
57,Gunjur,13.2019,-16.7339,73.4,68,3,11.5,GM,clear sky
58,Hilo,19.7297,-155.09,80.6,57,90,8.05,US,light rain
59,Nizwa,22.9333,57.5333,77.83,33,12,2.19,OM,few clouds
60,Luanda,-8.8368,13.2343,80.6,78,20,5.75,AO,few clouds
61,Lata,40.1629,-8.3327,55.99,82,28,4.61,PT,scattered clouds
62,Anloga,5.7947,0.8973,82.4,78,20,10.36,GH,few clouds
63,Yulara,-25.2406,130.9889,73.4,73,100,6.91,AU,overcast clouds
64,Nikolskoye,59.7035,30.7861,42.01,65,0,6.71,RU,clear sky
65,Arraial Do Cabo,-22.9661,-42.0278,86.0,69,0,14.97,BR,clear sky
66,Castro,-24.7911,-50.0119,69.71,82,91,4.41,BR,moderate rain
67,Ciudad Bolivar,8.1222,-63.5497,86.32,50,92,13.76,VE,overcast clouds
68,Petit Goave,18.4314,-72.8669,91.4,38,40,10.36,HT,scattered clouds
69,Bereznik,62.8551,42.7072,31.41,78,100,4.52,RU,overcast clouds
70,Mar Del Plata,-38.0023,-57.5575,62.01,94,90,21.85,AR,light rain
71,Hofn,64.2539,-15.2082,28.78,97,100,27.58,IS,snow
72,Beloha,-25.1667,45.05,72.21,77,41,2.55,MG,scattered clouds
73,Ixtapa,20.7,-105.2,75.2,64,20,11.5,MX,few clouds
74,Sakhipur,24.3,90.1833,84.2,51,0,4.14,BD,haze
75,Caravelas,-17.7125,-39.2481,77.68,72,3,5.97,BR,clear sky
76,Hasaki,35.7333,140.8333,59.0,77,75,17.27,JP,broken clouds
77,Puerto Ayora,-0.7393,-90.3518,82.4,74,20,13.8,EC,few clouds
78,Atok,16.5724,120.6808,58.91,92,74,2.15,PH,broken clouds
79,Tasiilaq,65.6145,-37.6368,15.8,62,90,23.02,GL,light snow
80,Buta,2.7858,24.73,71.92,80,91,2.26,CD,overcast clouds
81,Pevek,69.7008,170.3133,-16.49,96,73,3.94,RU,broken clouds
82,Tuatapere,-46.1333,167.6833,57.0,95,100,4.0,NZ,light rain
83,Vanimo,-2.6741,141.3028,77.02,89,100,4.09,PG,overcast clouds
84,Torbay,47.6666,-52.7314,28.99,100,90,31.07,CA,snow
85,Wawa,9.9022,4.4192,86.0,21,5,5.01,NG,clear sky
86,Busselton,-33.65,115.3333,54.0,94,0,8.19,AU,clear sky
87,Sao Filipe,14.8961,-24.4956,69.75,73,1,17.16,CV,clear sky
88,Laguna,38.421,-121.4238,73.99,32,1,2.17,US,clear sky
89,Carnarvon,-24.8667,113.6333,75.2,78,40,5.75,AU,scattered clouds
90,Dudinka,69.4058,86.1778,-4.83,95,10,7.45,RU,clear sky
91,Isabela,6.7085,121.9711,78.73,85,100,1.68,PH,overcast clouds
92,Hobart,-42.8794,147.3294,53.01,82,40,9.22,AU,scattered clouds
93,Saskylakh,71.9167,114.0833,-15.54,100,100,0.47,RU,overcast clouds
94,Susanino,58.1461,41.5872,31.57,98,100,2.59,RU,overcast clouds
95,Itarema,-2.9248,-39.9167,77.04,83,45,8.14,BR,scattered clouds
96,San Cristobal,7.7669,-72.225,75.2,94,75,9.22,VE,fog
97,Georgetown,5.4112,100.3354,82.4,89,20,1.14,MY,few clouds
98,Sitka,57.0531,-135.33,37.4,75,90,6.91,US,snow
99,Lillooet,50.6856,-121.942,53.6,47,40,24.16,CA,scattered clouds
100,Linjiang,41.8069,126.9078,44.29,89,100,1.66,CN,light rain
101,Tiksi,71.6872,128.8694,5.63,98,100,3.49,RU,overcast clouds
102,Hami,42.8,93.45,53.71,51,100,7.29,CN,overcast clouds
103,Batemans Bay,-35.7167,150.1833,55.0,95,66,3.0,AU,broken clouds
104,Chisinau,47.0056,28.8575,37.4,70,20,3.44,MD,light rain
105,Ambon,-3.6954,128.1814,77.0,88,40,2.3,ID,light rain
106,Port Alfred,-33.5906,26.891,65.75,68,56,13.58,ZA,broken clouds
107,Lubango,-14.9172,13.4925,61.09,91,100,0.29,AO,overcast clouds
108,Morro Bay,35.3658,-120.8499,73.0,63,0,4.0,US,clear sky
109,Touros,-5.1989,-35.4608,78.8,89,75,4.61,BR,broken clouds
110,Zyryanovsk,49.7386,84.2719,23.56,98,94,2.44,KZ,light snow
111,Punta Cardon,11.6581,-70.215,80.96,64,0,30.87,VE,clear sky
112,La Palma,33.8464,-118.0467,80.01,40,1,9.22,US,clear sky
113,Tubuala,9.5167,-79.0333,89.6,48,20,14.97,PA,few clouds
114,Young,-32.6833,-57.6333,66.99,86,93,1.99,UY,overcast clouds
115,Khatanga,71.9667,102.5,2.23,96,100,7.92,RU,overcast clouds
116,Ust-Kuyga,70.0167,135.6,-1.26,99,100,4.09,RU,overcast clouds
117,Pastos Bons,-6.6017,-44.0767,76.55,82,81,4.52,BR,moderate rain
118,Iracoubo,5.4802,-53.2011,77.95,85,90,11.07,GF,overcast clouds
119,Lensk,60.7253,114.9278,11.97,95,95,4.45,RU,overcast clouds
120,Bahia Blanca,-38.7196,-62.2724,65.97,46,0,13.0,AR,clear sky
121,Lebu,-37.6167,-73.65,59.4,74,23,18.88,CL,few clouds
122,Fortuna,40.5982,-124.1573,66.99,77,20,10.36,US,few clouds
123,Barra Do Bugres,-15.0725,-57.1811,86.11,58,16,2.04,BR,few clouds
124,Lavrentiya,65.5833,-171.0,-6.16,83,10,1.83,RU,clear sky
125,Vila Velha,-20.3297,-40.2925,82.4,74,0,8.05,BR,clear sky
126,Albany,42.6001,-73.9662,57.99,43,68,1.01,US,broken clouds
127,Narsaq,60.9167,-46.05,10.4,37,75,4.61,GL,broken clouds
128,Quimper,48.0,-4.1,46.4,81,75,3.44,FR,broken clouds
129,Butaritari,3.0707,172.7902,81.68,77,91,13.96,KI,overcast clouds
130,Zhireken,52.8249,117.3076,25.45,89,100,10.83,RU,overcast clouds
131,Kautokeino,69.0125,23.0412,34.14,98,100,18.99,NO,overcast clouds
132,Kattivakkam,13.2167,80.3167,80.6,78,40,3.44,IN,mist
133,Iqaluit,63.7506,-68.5145,-7.01,64,75,1.54,CA,broken clouds
134,Opuwo,-18.0607,13.84,72.3,65,94,3.62,NA,overcast clouds
135,Kichera,55.9375,110.0997,11.79,84,19,5.41,RU,few clouds
136,Lodja,-3.4833,23.4333,75.22,75,98,2.21,CD,overcast clouds
137,Katsuura,35.1333,140.3,62.01,68,100,5.99,JP,light rain
138,Mount Isa,-20.7333,139.5,78.8,27,52,13.8,AU,broken clouds
139,Lasa,46.6166,10.7002,57.2,75,0,4.61,IT,clear sky
140,Isla Vista,34.4133,-119.861,73.0,35,1,10.36,US,clear sky
141,Sao Joao Da Barra,-21.6403,-41.0511,84.2,61,0,16.11,BR,clear sky
142,Villa Maria,-32.4075,-63.2402,69.01,64,27,5.01,AR,scattered clouds
143,Kryve Ozero,47.9524,30.3493,45.88,61,94,5.06,UA,overcast clouds
144,Aklavik,68.2191,-135.0107,-5.8,65,75,8.05,CA,light snow
145,Tual,-5.6667,132.75,81.81,77,100,8.95,ID,moderate rain
146,Ilulissat,69.2167,-51.1,-9.4,45,20,10.36,GL,few clouds
147,Sarkand,45.41,79.9186,47.17,66,100,5.77,KZ,light rain
148,Kaitangata,-46.2817,169.8464,63.0,85,100,3.47,NZ,light rain
149,Cherskiy,68.75,161.3,-12.53,93,34,5.19,RU,scattered clouds
150,Goderich,43.7501,-81.7165,39.2,87,100,10.36,CA,overcast clouds
151,San Policarpo,12.1791,125.5072,79.79,82,97,9.6,PH,overcast clouds
152,Cape Town,-33.9258,18.4232,62.6,63,0,19.57,ZA,clear sky
153,Kenora,49.8167,-94.4337,37.4,35,75,16.11,CA,broken clouds
154,Pinillos,8.9193,-74.4677,91.83,44,100,3.13,CO,overcast clouds
155,Raga,8.4596,25.678,80.08,17,100,3.02,SS,overcast clouds
156,Norman Wells,65.282,-126.8329,10.4,72,90,9.22,CA,light snow
157,Digby,44.6169,-65.7655,33.8,80,100,5.75,CA,overcast clouds
158,Olafsvik,64.8945,-23.7142,27.21,70,100,44.54,IS,snow
159,Jamestown,42.097,-79.2353,64.99,41,1,9.86,US,clear sky
160,Taunggyi,20.7833,97.0333,62.01,37,15,1.45,MM,few clouds
161,Beira,-19.8436,34.8389,80.6,89,20,5.75,MZ,few clouds
162,Kodiak,57.79,-152.4072,33.8,47,75,23.02,US,broken clouds
163,Den Helder,52.9599,4.7593,44.01,93,90,9.22,NL,overcast clouds
164,Tuktoyaktuk,69.4541,-133.0374,-16.6,76,90,4.61,CA,overcast clouds
165,Los Llanos De Aridane,28.6585,-17.9182,66.2,72,40,12.91,ES,scattered clouds
166,Uwajima,33.2238,132.56,61.27,90,100,16.78,JP,overcast clouds
167,Aykhal,66.0,111.5,-2.25,100,100,4.79,RU,overcast clouds
168,Guider,9.9342,13.9486,85.77,13,65,8.59,CM,broken clouds
169,Saint-Joseph,-21.3667,55.6167,77.0,88,90,3.44,RE,overcast clouds
170,Wattegama,6.7989,81.4808,73.33,83,72,2.17,LK,broken clouds
171,Sheffield Lake,41.4875,-82.1015,64.4,45,1,12.66,US,clear sky
172,Kahului,20.8947,-156.47,80.6,61,20,20.71,US,few clouds
173,Karratha,-20.7377,116.8463,82.15,69,98,8.03,AU,overcast clouds
174,Broken Hill,-31.95,141.4333,53.6,71,17,5.75,AU,few clouds
175,Mocuba,-16.8392,36.9856,73.04,94,14,3.74,MZ,light rain
176,Tambovka,50.0969,128.0489,32.0,100,75,4.47,RU,broken clouds
177,Ouesso,1.6136,16.0517,75.24,67,49,0.83,CG,scattered clouds
178,Puga,21.5833,-104.8167,86.0,30,20,9.22,MX,few clouds
179,Plerin,48.5425,-2.7798,46.0,76,0,4.61,FR,clear sky
180,Oliveira Dos Brejinhos,-12.3169,-42.8961,82.26,32,32,3.04,BR,scattered clouds
181,Daitari,21.1,85.75,72.55,68,1,1.03,IN,clear sky
182,Nieuw Amsterdam,5.8833,-55.0833,86.0,66,40,9.22,SR,scattered clouds
183,Pacific Grove,36.6177,-121.9166,75.2,22,1,9.22,US,clear sky
184,Namibe,-15.1961,12.1522,74.61,78,100,7.63,AO,overcast clouds
185,Clyde River,70.4692,-68.5914,1.4,66,75,1.25,CA,broken clouds
186,Badiraguato,25.3667,-107.5167,88.0,23,1,9.22,MX,clear sky
187,Atuona,-9.8,-139.0333,80.37,80,58,20.11,PF,broken clouds
188,Guaranda,-1.6,-79.0,55.65,98,100,5.21,EC,moderate rain
189,Tahta,26.7693,31.5021,59.0,33,0,12.66,EG,clear sky
190,Sterling,39.0062,-77.4286,72.0,37,90,10.36,US,overcast clouds
191,Sisimiut,66.9395,-53.6735,-7.46,89,65,8.23,GL,broken clouds
192,Nemuro,43.3236,145.575,35.11,81,99,15.9,JP,overcast clouds
193,Kavieng,-2.5744,150.7967,82.2,76,100,14.09,PG,overcast clouds
194,Gazojak,41.1875,61.4036,53.91,44,81,8.84,TM,broken clouds
195,Urumqi,43.801,87.6005,46.4,71,0,4.47,CN,clear sky
196,Boyolangu,-8.1181,111.8935,75.15,91,99,2.19,ID,overcast clouds
197,Abu Kamal,34.4506,40.9171,52.11,28,0,10.69,SY,clear sky
198,Vila Franca Do Campo,37.7167,-25.4333,57.2,72,20,8.05,PT,few clouds
199,Bilibino,68.0546,166.4372,-14.08,95,24,2.73,RU,few clouds
200,Bukene,-4.2333,32.8833,64.83,89,100,3.22,TZ,light rain
201,Dauphin,51.1494,-100.0502,35.6,55,75,14.97,CA,broken clouds
202,Qaqortoq,60.7167,-46.0333,10.4,37,75,4.61,GL,broken clouds
203,Chenghai,23.4632,116.768,66.2,94,10,2.24,CN,mist
204,Luderitz,-26.6481,15.1594,65.86,70,0,17.52,NA,clear sky
205,Pisco,-13.7,-76.2167,73.4,68,20,9.22,PE,few clouds
206,Chapulhuacan,21.1667,-98.9,92.39,19,6,7.9,MX,clear sky
207,Victoria,22.2855,114.1577,73.99,86,16,4.38,HK,few clouds
208,Bluff,-46.6,168.3333,57.0,95,100,3.0,NZ,overcast clouds
209,Karpathos,35.507,27.2132,53.6,54,0,11.5,GR,clear sky
210,Cayenne,4.9333,-52.3333,82.4,74,40,13.8,GF,scattered clouds
211,Bengkulu,-3.8004,102.2655,74.66,88,100,6.64,ID,overcast clouds
212,Qazvin,36.2797,50.0049,44.6,33,0,2.3,IR,clear sky
213,Belaya Gora,68.5333,146.4167,-5.57,97,100,2.89,RU,overcast clouds
214,Durban,-29.8579,31.0292,72.0,68,0,11.5,ZA,light rain
215,Windhoek,-22.5594,17.0832,64.99,59,0,5.75,NA,clear sky
216,Honiara,-9.4333,159.95,81.75,76,19,4.18,SB,few clouds
217,Nome,64.5011,-165.4064,5.0,85,1,0.85,US,clear sky
218,Asau,46.4333,26.4,42.01,46,14,5.5,RO,few clouds
219,Axim,4.8699,-2.2405,79.12,85,83,4.61,GH,broken clouds
220,Hafizabad,32.0679,73.6854,69.85,36,26,6.8,PK,scattered clouds
221,Airai,-8.9266,125.4092,59.5,92,100,2.53,TL,overcast clouds
222,Uzhur,55.3036,89.8339,23.47,92,100,4.41,RU,overcast clouds
223,Atbasar,51.8,68.3333,27.54,97,100,2.91,KZ,overcast clouds
224,Geraldton,-28.7667,114.6,62.6,72,8,9.22,AU,clear sky
225,Ambilobe,-13.2,49.05,72.86,97,100,4.81,MG,moderate rain
226,Naze,28.3667,129.4833,67.46,88,100,19.84,JP,overcast clouds
227,Petropavlovsk-Kamchatskiy,53.0452,158.6483,28.4,46,100,26.84,RU,overcast clouds
228,Esperance,-33.8667,121.9,57.2,94,36,6.91,AU,scattered clouds
229,Bauchi,10.5,10.0,76.62,17,6,9.15,NG,clear sky
230,Coihaique,-45.5752,-72.0662,64.4,55,75,8.05,CL,broken clouds
231,Broome,42.2506,-75.833,60.01,54,1,4.61,US,clear sky
232,Milkovo,54.7167,158.6167,18.91,92,100,4.45,RU,light snow
233,Quchan,37.106,58.5095,53.67,66,85,6.29,IR,overcast clouds
234,Kashi,39.4547,75.9797,59.0,25,75,2.24,CN,dust
235,Vila,42.0304,-8.1588,55.99,62,0,2.3,PT,clear sky
236,Banyo,6.75,11.8167,72.32,34,100,4.27,CM,overcast clouds
237,Hirara,24.8,125.2833,73.9,87,25,15.61,JP,scattered clouds
238,Gizo,-8.103,156.8419,82.83,74,39,7.49,SB,scattered clouds
239,Codrington,-38.2667,141.9667,53.13,87,100,6.53,AU,overcast clouds
240,Cabo San Lucas,22.8909,-109.9124,78.8,43,20,6.91,MX,few clouds
241,East London,-33.0153,27.9116,66.87,76,87,12.68,ZA,light rain
242,Lagoa,39.05,-27.9833,59.22,89,33,11.63,PT,scattered clouds
243,Husavik,66.0449,-17.3389,19.4,63,75,4.61,IS,light snow
244,Galle,6.0367,80.217,77.4,85,100,1.07,LK,overcast clouds
245,Srednekolymsk,67.45,153.6833,-10.52,91,97,2.59,RU,overcast clouds
246,Comodoro Rivadavia,-45.8667,-67.5,75.2,33,0,14.97,AR,clear sky
247,Otane,-39.8833,176.6333,60.01,87,100,1.66,NZ,overcast clouds
248,Tutoia,-2.7619,-42.2744,77.45,84,99,9.31,BR,overcast clouds
249,Muscat,23.6139,58.5922,78.8,36,0,4.61,OM,clear sky
250,Kushima,31.4583,131.2333,60.8,94,75,4.61,JP,light rain
251,Sulangan,11.1373,123.7228,80.96,79,99,8.59,PH,overcast clouds
252,Hambantota,6.1241,81.1185,77.49,78,83,4.9,LK,broken clouds
253,Micheweni,-4.9667,39.8333,80.78,69,100,5.17,TZ,overcast clouds
254,Benjamin Constant,-4.3831,-70.0311,80.6,83,40,3.44,BR,light rain
255,Mujiayingzi,42.1167,118.7833,43.36,31,70,19.6,CN,broken clouds
256,Vagur,61.4732,-6.8119,40.84,96,100,48.05,FO,overcast clouds
257,Taltal,-25.4,-70.4833,67.26,67,43,3.62,CL,scattered clouds
258,Latehar,23.75,84.5,70.21,17,0,3.71,IN,clear sky
259,Carauari,-4.8828,-66.8958,80.42,81,96,3.76,BR,overcast clouds
260,Gat,31.61,34.7642,55.0,100,7,1.95,IL,clear sky
261,Nioro,13.35,-15.75,89.76,18,8,3.27,GM,clear sky
262,Lexington Park,38.2668,-76.4538,66.2,52,75,14.97,US,broken clouds
263,Buri,-23.7975,-48.5928,65.89,91,80,7.02,BR,broken clouds
264,Ngunguru,-35.6167,174.5,69.01,81,99,5.01,NZ,overcast clouds
265,Gawler,-34.6,138.7333,55.99,86,71,1.99,AU,light rain
266,Crown Point,41.417,-87.3653,64.99,67,90,16.11,US,light rain
267,Kayerkan,69.3497,87.7602,-2.56,99,76,1.5,RU,broken clouds
268,Komsomolskiy,40.4272,71.7189,55.4,82,90,4.61,UZ,light rain
269,Zonguldak,41.25,31.8333,29.53,88,0,5.23,TR,clear sky
270,Avarua,-21.2078,-159.775,84.2,74,75,21.85,CK,broken clouds
271,Dikson,73.5069,80.5464,-19.32,100,98,8.19,RU,overcast clouds
272,Alofi,-19.0595,-169.9187,77.0,94,90,5.75,NU,light rain
273,Harper,4.375,-7.7169,78.21,86,7,5.06,LR,light rain
274,Ubrique,36.6778,-5.446,62.6,44,0,3.44,ES,clear sky
275,Longyearbyen,78.2186,15.6401,24.8,80,90,34.52,SJ,snow
276,Sovetskaya Gavan,48.9723,140.2878,26.62,90,55,3.13,RU,broken clouds
277,Santarem,-2.4431,-54.7083,84.2,74,75,12.66,BR,broken clouds
278,Karaton,-6.3424,106.1045,79.0,89,40,2.3,ID,mist
279,Bathsheba,13.2167,-59.5167,80.6,61,40,18.41,BB,scattered clouds
280,Tevriz,57.509,72.4042,31.51,98,100,5.68,RU,light snow
281,San Isidro,-12.1167,-77.05,75.2,64,0,5.75,PE,clear sky
282,Santona,43.4439,-3.4576,52.0,81,0,3.44,ES,clear sky
283,Jucurutu,-6.0339,-37.0203,78.12,81,94,8.5,BR,light rain
284,Ribeira Grande,38.5167,-28.7,60.8,88,40,10.36,PT,scattered clouds
285,Kruisfontein,-34.0033,24.7314,61.0,72,2,3.0,ZA,clear sky
286,Nishihara,26.1842,127.7558,73.4,88,75,13.8,JP,broken clouds
287,Pitimbu,-7.4706,-34.8086,82.4,78,20,9.22,BR,few clouds
288,Russell,32.3502,-85.1999,84.99,54,75,10.36,US,broken clouds
289,Kodinsk,58.6881,99.1844,20.68,97,100,3.62,RU,light snow
290,Ancud,-41.8697,-73.8203,66.99,59,0,5.75,CL,clear sky
291,Turka,49.1541,23.0297,50.0,51,99,5.55,UA,overcast clouds
292,Singaraja,-8.112,115.0882,78.82,81,51,3.29,ID,broken clouds
293,Provideniya,64.3833,-173.3,-0.49,97,100,4.7,RU,overcast clouds
294,Ekhabi,53.5102,142.9671,14.72,87,8,9.48,RU,clear sky
295,Dodge City,37.7528,-100.0171,60.8,41,1,23.02,US,clear sky
296,Ulladulla,-35.35,150.4667,59.0,100,90,3.44,AU,overcast clouds
297,Winslow,35.0242,-110.6974,55.99,40,40,5.75,US,scattered clouds
298,Koulamoutou,-1.1303,12.4736,74.12,85,97,0.92,GA,overcast clouds
299,Port Macquarie,-31.4333,152.9167,61.0,85,4,5.01,AU,clear sky
300,Kedrovyy,56.1667,91.8167,24.8,74,0,2.48,RU,clear sky
301,Katherine,-14.4667,132.2667,75.2,88,40,5.75,AU,scattered clouds
302,Krasnoborsk,61.5598,45.934,29.79,94,100,1.63,RU,overcast clouds
303,Suntar,62.1444,117.6319,17.82,95,98,5.41,RU,overcast clouds
304,Edd,13.9297,41.6925,78.49,69,3,3.85,ER,clear sky
305,Brenham,30.1669,-96.3977,81.0,74,75,13.8,US,broken clouds
306,Quatre Cocos,-20.2078,57.7625,78.01,83,75,5.75,MU,broken clouds
307,Bagdarin,54.4333,113.6,11.25,91,99,5.73,RU,overcast clouds
308,Chivana,15.75,-87.9833,91.99,46,20,10.36,HN,few clouds
309,Banjarmasin,-3.3244,114.591,75.2,100,100,2.3,ID,overcast clouds
310,Almaty,43.25,76.95,48.2,93,90,2.24,KZ,mist
311,Maceio,-9.6658,-35.7353,75.2,94,75,5.75,BR,broken clouds
312,Nakhon Pathom,13.9833,100.0833,88.0,65,100,8.39,TH,overcast clouds
313,Kaifeng,34.7911,114.3483,53.6,100,0,4.47,CN,mist
314,Sesheke,-17.4759,24.2968,66.76,91,100,1.88,ZM,overcast clouds
315,Gayny,60.3071,54.3241,14.09,97,41,4.07,RU,scattered clouds
316,Yerbogachen,61.2767,108.0108,11.05,97,100,4.72,RU,overcast clouds
317,Inuvik,68.3499,-133.7218,-5.8,64,98,5.75,CA,overcast clouds
318,Anadyr,64.75,177.4833,-5.01,77,0,4.47,RU,clear sky
319,Sandwick,60.0,-1.25,42.8,70,40,21.85,GB,scattered clouds
320,San Andres,12.5847,-81.7006,86.0,66,20,14.97,CO,few clouds
321,Roald,62.5833,6.1333,39.2,87,75,9.22,NO,broken clouds
322,Sioux Lookout,50.1001,-91.917,35.6,44,75,11.5,CA,broken clouds
323,Sinjai,-5.1241,120.253,74.73,91,100,2.98,ID,overcast clouds
324,Riyadh,24.6877,46.7219,78.8,15,64,18.41,SA,dust
325,Barcelona,41.3888,2.159,57.0,76,20,2.3,ES,few clouds
326,Mandalgovi,45.7625,106.2708,20.98,62,4,13.47,MN,clear sky
327,Antalaha,-14.9003,50.2788,75.49,92,100,5.64,MG,overcast clouds
328,Vikulovo,56.8167,70.6107,31.77,97,100,9.48,RU,light snow
329,Bermejo,-32.8833,-68.8,73.4,31,0,3.44,AR,clear sky
330,Montes Altos,-5.8333,-47.0667,87.8,70,20,9.22,BR,few clouds
331,Oktyabrskoye,43.0645,44.7417,44.6,61,100,4.47,RU,overcast clouds
332,Smidovich,48.6,133.8167,32.47,97,100,8.48,RU,overcast clouds
333,Salalah,17.0151,54.0924,80.6,41,0,4.61,OM,clear sky
334,Mamontovo,52.7055,81.6244,33.66,93,100,13.4,RU,overcast clouds
335,Arkhangelsk,64.5401,40.5433,28.4,80,0,4.47,RU,clear sky
336,Coquimbo,-29.9533,-71.3436,62.6,72,20,11.5,CL,few clouds
337,Cheney,47.4874,-117.5758,54.0,53,75,11.5,US,broken clouds
338,Ko Samui,9.5357,99.9357,82.58,77,85,9.57,TH,overcast clouds
339,Guerrero Negro,27.9769,-114.0611,73.27,29,0,12.39,MX,clear sky
340,Kiama,-34.6833,150.8667,60.01,89,20,1.01,AU,few clouds
341,Te Anau,-45.4167,167.7167,57.2,95,100,1.25,NZ,overcast clouds
342,Dingle,10.9995,122.6711,75.38,89,92,6.76,PH,overcast clouds
343,Santiago Del Estero,-27.7951,-64.2615,76.17,31,0,12.26,AR,clear sky
344,Ahipara,-35.1667,173.1667,65.79,92,100,12.62,NZ,moderate rain
345,Aras,42.5617,-2.356,50.0,76,0,1.3,ES,clear sky
346,Agadez,19.75,10.25,67.59,17,0,10.6,NE,clear sky
347,Sant Julia De Loria,42.4625,1.4825,48.99,79,64,1.03,AD,broken clouds
348,Bandar-E Lengeh,26.5579,54.8807,80.1,43,33,8.16,IR,scattered clouds
349,Chokurdakh,70.6333,147.9167,-2.42,88,100,5.64,RU,overcast clouds
350,Marsh Harbour,26.5412,-77.0636,76.95,69,0,14.92,BS,clear sky
351,Providencia,28.7167,-111.5833,80.01,27,0,11.99,MX,clear sky
352,Monte Azul,-15.155,-42.8747,79.86,25,44,3.67,BR,scattered clouds
353,Margate,51.3813,1.3862,46.99,70,100,1.99,GB,overcast clouds
354,Avera,33.194,-82.5271,84.2,61,40,11.5,US,scattered clouds
355,Monte Patria,-30.6919,-70.9467,81.41,24,0,7.18,CL,clear sky
356,Harvard,42.4222,-88.6137,55.0,78,100,5.01,US,overcast clouds
357,Yining,29.0361,114.5636,56.03,92,0,1.1,CN,clear sky
358,Alihe,50.5667,123.7167,32.05,97,100,9.13,CN,overcast clouds
359,Meadow Lake,34.8014,-106.5436,60.01,22,20,14.97,US,few clouds
360,Vzmorye,54.6961,20.2361,41.0,87,40,8.95,RU,scattered clouds
361,Grindavik,63.8424,-22.4338,30.2,100,90,35.68,IS,snow
362,Moerai,-22.4333,-151.3333,81.5,73,7,19.89,PF,clear sky
363,Malanje,-9.5402,16.341,63.97,94,79,3.04,AO,broken clouds
364,Auki,-8.7676,160.7034,81.18,79,61,4.14,SB,broken clouds
365,Kavaratti,10.5669,72.642,82.96,77,100,4.7,IN,overcast clouds
366,Saint-Pierre,-21.3393,55.4781,77.0,88,90,4.61,RE,overcast clouds
367,Tateyama,34.9833,139.8667,63.0,68,100,5.99,JP,overcast clouds
368,Kushmurun,52.4503,64.6311,27.81,98,100,3.51,KZ,overcast clouds
369,Brazii,44.7667,26.35,45.0,61,0,2.3,RO,clear sky
370,Rio Gallegos,-51.6226,-69.2181,68.0,37,40,28.77,AR,scattered clouds
371,Arona,28.0996,-16.681,69.8,43,20,9.22,ES,few clouds
372,Pacifica,37.6138,-122.4869,64.0,42,1,6.91,US,clear sky
373,Samarai,-10.6167,150.6667,83.05,77,47,13.4,PG,scattered clouds
374,Seymchan,62.8833,152.4333,-15.83,99,90,0.54,RU,overcast clouds
375,Keti Bandar,24.1447,67.4497,77.63,72,100,14.7,PK,overcast clouds
376,Baruun-Urt,46.6806,113.2792,28.69,58,100,27.92,MN,overcast clouds
377,Hamilton,39.1834,-84.5333,73.99,40,1,6.91,US,clear sky
378,Flinders,-34.5833,150.8552,60.01,86,14,1.01,AU,few clouds
379,Tadine,-21.55,167.8833,79.83,76,2,11.14,NC,clear sky
380,Jumla,29.2747,82.1838,44.24,60,0,4.56,NP,clear sky
381,Srivardhan,18.0333,73.0167,82.69,42,13,1.77,IN,few clouds
382,Iquitos,-3.7481,-73.2472,84.2,74,75,9.22,PE,broken clouds
383,Hirson,49.9226,4.0826,44.01,73,84,5.01,FR,broken clouds
384,Inta,66.0317,60.1659,21.88,91,100,16.69,RU,overcast clouds
385,Padang,-0.9492,100.3543,77.0,100,90,3.44,ID,overcast clouds
386,Catuday,16.2923,119.8062,79.25,74,40,5.17,PH,scattered clouds
387,Udachnyy,66.4167,112.4,-11.16,100,96,3.44,RU,overcast clouds
388,Karrapur,23.95,78.85,78.58,21,0,3.38,IN,clear sky
389,Sobolevo,54.4299,31.8996,31.21,98,80,4.99,RU,broken clouds
390,Thinadhoo,0.5333,72.9333,83.16,74,100,12.21,MV,overcast clouds
391,Nicoya,10.1483,-85.452,91.4,35,20,25.32,CR,few clouds
392,Balila,32.3881,35.9351,46.4,71,40,3.4,JO,scattered clouds
393,Bodden Town,19.2833,-81.25,86.0,58,20,11.5,KY,few clouds
394,Dawlatabad,36.4141,64.9053,63.03,80,99,9.24,AF,overcast clouds
395,Tabuk,17.4189,121.4443,71.49,92,47,3.58,PH,scattered clouds
396,Prince Rupert,54.3161,-130.3201,42.8,87,90,21.85,CA,moderate rain
397,Slave Lake,55.2834,-114.769,42.8,52,90,4.61,CA,overcast clouds
398,Ihosy,-22.4,46.1167,66.18,78,1,2.59,MG,clear sky
399,Bambous Virieux,-20.3428,57.7575,78.01,83,75,5.75,MU,broken clouds
400,Kang,-23.6752,22.7876,69.91,38,13,7.94,BW,few clouds
401,Severo-Kurilsk,50.6789,156.125,26.67,80,100,35.43,RU,light snow
402,Marzuq,14.4,46.4667,65.97,41,27,5.82,YE,scattered clouds
403,Cruzeiro Do Sul,-29.5128,-51.9853,75.99,91,100,1.01,BR,moderate rain
404,Yangmei,24.1023,112.5618,66.13,93,8,1.03,CN,clear sky
405,Bermeo,43.4209,-2.7215,51.01,81,0,2.3,ES,clear sky
406,West Bay,19.3667,-81.4167,86.0,58,20,11.5,KY,few clouds
407,The Valley,18.217,-63.0578,82.4,61,40,17.27,AI,scattered clouds
408,Beni,0.5,29.4667,62.58,87,99,1.97,CD,overcast clouds
409,Yumen,40.2833,97.2,45.34,40,100,5.93,CN,overcast clouds
410,Ikon-Khalk,44.3051,41.9142,38.14,75,92,10.09,RU,overcast clouds
411,Chino Valley,34.7575,-112.4538,59.0,42,0,4.0,US,clear sky
412,Ostrovnoy,68.0531,39.5131,32.04,85,92,25.01,RU,overcast clouds
413,Cali,3.4372,-76.5225,82.4,61,75,14.97,CO,broken clouds
414,Ivanivka,46.7208,34.553,43.81,78,100,6.31,UA,overcast clouds
415,Vardo,70.3705,31.1107,36.82,94,100,23.78,NO,overcast clouds
416,Hobyo,5.3505,48.5268,80.26,79,20,14.58,SO,few clouds
417,Bam,29.106,58.357,78.62,19,3,14.67,IR,clear sky
418,Maymyo,22.0333,96.4667,68.45,25,35,2.01,MM,scattered clouds
419,Chimbote,-9.0853,-78.5783,74.21,72,27,8.75,PE,scattered clouds
420,Mpongwe,-13.5091,28.155,63.81,95,100,6.76,ZM,overcast clouds
421,Gamba,-2.65,10.0,78.8,85,98,4.14,GA,light rain
422,Sakaiminato,35.55,133.2333,57.2,82,90,16.11,JP,moderate rain
423,Chuguyevka,44.1653,133.8633,36.32,88,100,3.29,RU,overcast clouds
424,Gibsons,49.3997,-123.5027,48.99,76,100,2.3,CA,overcast clouds
425,Talnakh,69.4865,88.3972,-1.37,98,72,1.52,RU,broken clouds
426,Kloulklubed,7.0419,134.2556,77.0,94,75,3.44,PW,broken clouds
427,Schweinfurt,50.05,10.2333,41.0,81,73,3.0,DE,broken clouds
428,Asfi,32.2994,-9.2372,62.4,80,72,9.53,MA,broken clouds
429,Glasgow,55.8652,-4.2576,46.4,87,90,20.71,GB,moderate rain
430,Haines Junction,60.7522,-137.5108,26.6,59,100,11.5,CA,overcast clouds
431,Praia,14.9215,-23.5087,69.8,68,20,26.46,CV,few clouds
432,Dali,25.7,100.1833,48.42,40,0,4.79,CN,clear sky
433,Mizan Teferi,6.9833,35.5833,63.66,66,99,2.59,ET,overcast clouds
434,Safaga,26.7292,33.9365,64.4,29,0,13.8,EG,clear sky
435,Kusti,13.1629,32.6635,82.17,14,3,16.13,SD,clear sky
436,Boden,65.8252,21.6886,33.8,100,90,12.66,SE,overcast clouds
437,Amga,60.8953,131.9608,23.5,97,100,3.09,RU,light snow
438,Nelson Bay,-32.7167,152.15,60.01,94,40,5.75,AU,scattered clouds
439,San Nicolas,18.1725,120.5953,76.87,80,82,3.22,PH,broken clouds
440,San Patricio,28.017,-97.5169,87.01,62,40,21.85,US,scattered clouds
441,Cidreira,-30.1811,-50.2056,75.83,80,100,5.75,BR,moderate rain
442,Amudat,1.95,34.95,69.42,60,100,5.08,UG,overcast clouds
443,Tefe,-3.3542,-64.7114,86.0,79,40,5.75,BR,moderate rain
444,Vieksniai,56.2333,22.5167,48.2,61,80,13.8,LT,broken clouds
445,Port Hedland,-20.3167,118.5667,78.8,94,29,6.91,AU,scattered clouds
446,Bubaque,11.2833,-15.8333,76.82,74,100,20.07,GW,overcast clouds
447,Campo De Criptana,39.4046,-3.1249,49.39,77,70,20.51,ES,broken clouds
448,Kyabe,9.4515,18.9449,85.55,46,79,6.58,TD,light rain
449,Rafraf,37.1904,10.1837,62.6,63,20,6.33,TN,few clouds
450,Makakilo City,21.3469,-158.0858,78.8,53,1,10.36,US,clear sky
451,Fort Nelson,58.8053,-122.7002,41.0,38,75,8.05,CA,broken clouds
452,Casimiro Castillo,19.6,-104.4333,78.8,61,20,13.8,MX,few clouds
453,Iwanai,42.9744,140.5089,35.56,84,100,8.21,JP,overcast clouds
454,Sabang,5.8933,95.3214,81.57,73,100,6.78,ID,overcast clouds
455,Viedma,-40.8135,-62.9967,71.62,20,1,13.51,AR,clear sky
456,Pocinhos,-7.0767,-36.0611,82.4,65,75,14.97,BR,broken clouds
457,Coos Bay,43.3665,-124.2179,69.01,71,1,9.22,US,clear sky
458,Golkoy,40.6875,37.6178,42.8,87,75,1.14,TR,broken clouds
459,Richards Bay,-28.783,32.0377,70.65,85,64,17.05,ZA,light rain
460,Havoysund,70.9963,24.6622,39.2,75,75,3.44,NO,broken clouds
461,Bakaly,55.1789,53.8028,30.74,91,100,12.62,RU,overcast clouds
462,Pangnirtung,66.1451,-65.7125,-7.13,87,91,1.39,CA,overcast clouds
463,Nizhniy Kuranakh,58.8353,125.4869,5.81,100,87,3.2,RU,overcast clouds
464,Saint-Andre-Avellin,45.7168,-75.066,39.2,60,90,10.36,CA,overcast clouds
465,Vao,-22.6667,167.4833,77.81,79,14,12.19,NC,few clouds
466,Umm Lajj,25.0213,37.2685,70.77,51,4,19.84,SA,clear sky
467,Capreol,46.706,-80.9225,36.0,60,90,14.97,CA,overcast clouds
468,Umba,66.6871,34.3429,33.22,94,99,9.6,RU,overcast clouds
469,Ozinki,51.1786,49.6769,32.47,99,100,6.31,RU,light snow
470,Verkhnevilyuysk,63.4453,120.3167,-1.39,99,74,3.56,RU,broken clouds
471,Ormond Beach,29.2858,-81.0559,84.2,54,1,8.05,US,clear sky
472,Nyimba,-14.5566,30.8149,67.15,93,94,1.34,ZM,light rain
473,Hegra,63.4644,11.114,36.0,93,40,5.75,NO,scattered clouds
474,Neijiang,29.5835,105.0622,60.55,65,0,4.18,CN,clear sky
475,Kalmar,56.6616,16.3616,39.99,93,75,17.27,SE,light rain
476,Dicabisagan,17.0818,122.4157,75.87,89,42,3.67,PH,scattered clouds
477,Nara,34.6851,135.8049,59.0,67,75,4.61,JP,broken clouds
478,Hanstholm,57.1167,8.6167,42.01,3,6,3.0,DK,clear sky
479,Kangaba,11.9333,-8.4167,87.24,8,3,4.83,ML,clear sky
480,Seoul,37.5683,126.9778,51.8,93,90,14.97,KR,mist
481,Kjustendil,42.2839,22.6911,43.0,58,99,2.46,BG,overcast clouds
482,Igrim,63.1906,64.4162,9.14,98,53,2.37,RU,broken clouds
483,Maracaibo,10.6317,-71.6406,86.36,50,56,11.99,VE,broken clouds
484,Faanui,-16.4833,-151.75,82.51,74,21,22.75,PF,light rain
485,Zlitan,32.4674,14.5687,60.85,55,12,13.87,LY,few clouds
486,Kholodnyy,62.7167,147.95,-19.44,99,95,0.98,RU,overcast clouds
487,Oranjemund,-28.55,16.4333,61.34,76,13,17.2,NA,few clouds
488,Lorengau,-2.0226,147.2712,80.44,82,97,7.92,PG,overcast clouds
489,Ribas Do Rio Pardo,-20.4431,-53.7592,90.43,29,78,6.53,BR,broken clouds
490,Evensk,61.95,159.2333,-3.6,85,5,7.07,RU,clear sky
491,Vostok,46.4856,135.8833,30.04,98,83,4.36,RU,broken clouds
492,Malazgirt,39.1427,42.5401,22.77,80,21,3.51,TR,few clouds
493,Kurayoshi,35.4333,133.8167,57.2,82,90,16.11,JP,moderate rain
494,Bacolod,10.6667,122.95,77.77,81,100,6.78,PH,overcast clouds
495,Pachino,36.7186,15.0907,48.0,93,40,3.44,IT,scattered clouds
496,Loviisa,60.4566,26.2251,35.01,94,100,5.91,FI,overcast clouds
497,Belyy Yar,53.6039,91.3903,24.8,86,100,2.24,RU,overcast clouds
498,Constitucion,-35.3333,-72.4167,68.09,52,46,15.86,CL,scattered clouds
499,Alenquer,-1.9417,-54.7383,84.2,74,75,12.66,BR,light rain
500,San Quintin,30.4833,-115.95,66.43,38,0,10.85,MX,clear sky
501,Goldap,54.3063,22.3036,40.17,87,100,8.63,PL,light rain
502,Westport,41.1415,-73.3579,64.99,42,1,12.66,US,clear sky
503,Haukipudas,65.1765,25.3523,39.2,81,90,9.22,FI,overcast clouds
504,Fremont,37.5483,-121.9886,77.0,21,1,11.5,US,clear sky
505,Sarakhs,36.5449,61.1577,59.0,88,73,6.91,IR,broken clouds
506,Ushtobe,45.2514,77.9838,48.72,87,100,12.95,KZ,overcast clouds
507,Izumo,35.3667,132.7667,57.2,82,90,16.11,JP,moderate rain
508,Wanaka,-44.7,169.15,59.61,84,79,5.64,NZ,broken clouds
509,Sao Jose Da Coroa Grande,-8.8978,-35.1478,77.79,83,90,7.11,BR,overcast clouds
510,Dingzhou,38.5131,114.9956,50.0,100,63,6.71,CN,mist
511,Batagay,67.6333,134.6333,2.77,97,100,2.35,RU,overcast clouds
512,Langsa,4.4683,97.9683,74.3,92,55,2.04,ID,broken clouds
513,Atar,20.5169,-13.0499,81.68,15,1,4.76,MR,clear sky
514,Huarmey,-10.0681,-78.1522,74.21,74,37,8.32,PE,scattered clouds
515,Meulaboh,4.1363,96.1285,75.69,90,84,4.5,ID,broken clouds
516,Gerash,27.6652,54.1371,71.6,24,0,4.45,IR,clear sky
517,Balkanabat,39.5108,54.3671,52.99,64,99,16.51,TM,overcast clouds
518,Erenhot,43.6475,111.9767,31.12,41,4,21.99,CN,clear sky
519,Pokrovsk,48.282,37.1758,39.18,92,100,5.3,UA,overcast clouds
520,Nha Trang,12.25,109.1833,75.2,94,20,3.44,VN,few clouds
521,Synya,65.3718,58.0387,19.47,94,100,5.06,RU,overcast clouds
522,San-Pedro,4.7485,-6.6363,78.66,86,6,5.79,CI,clear sky
523,Atambua,-9.1061,124.8925,72.99,90,100,3.85,ID,overcast clouds
524,Shimoda,34.6667,138.95,61.0,80,100,12.91,JP,overcast clouds
525,Vestmannaeyjar,63.4427,-20.2734,37.42,87,96,39.35,IS,light rain
526,Yaqui,27.3667,-110.1667,77.0,15,1,11.5,MX,clear sky
527,Faya,18.3851,42.4509,64.4,48,0,2.08,SA,clear sky
528,Funadhoo,6.15,73.2667,83.14,73,100,12.12,MV,overcast clouds
529,Somova,45.1833,28.6667,45.0,61,6,2.3,RO,clear sky
530,Turukhansk,65.8167,87.9833,-0.92,99,100,5.01,RU,overcast clouds
531,Bagaces,10.5271,-85.2548,91.4,35,20,25.32,CR,few clouds
532,Adrar,20.5022,-10.0711,81.32,5,2,8.63,MR,clear sky
533,Antofagasta,-23.65,-70.4,70.0,68,20,13.8,CL,few clouds
534,Sivaki,52.6333,126.75,28.27,97,100,6.29,RU,overcast clouds
535,Easton,40.6884,-75.2207,69.01,42,1,11.5,US,clear sky
536,Punta De Piedra,7.6176,-71.4916,79.79,65,100,4.12,VE,overcast clouds
537,Yar-Sale,66.8333,70.8333,-11.22,100,49,4.79,RU,scattered clouds
538,Genhe,50.7833,121.5167,31.17,89,100,13.62,CN,light snow
539,Lerwick,60.1545,-1.1494,42.8,70,40,21.85,GB,scattered clouds
540,Vikhorevka,56.1201,101.1636,19.4,86,98,4.47,RU,overcast clouds
541,Waipawa,-41.4122,175.5153,64.4,68,75,19.57,NZ,broken clouds
542,Bentiu,9.2333,29.8333,87.96,29,2,2.24,SS,clear sky
543,Warrnambool,-38.3833,142.4833,52.0,94,100,9.51,AU,overcast clouds
544,Okhtyrka,50.3104,34.8988,37.27,86,34,3.02,UA,light rain
545,Ust-Tsilma,65.441,52.1498,16.32,96,61,5.3,RU,broken clouds
546,Teguise,29.0605,-13.564,66.2,82,20,5.75,ES,few clouds
547,Monrovia,6.3005,-10.7969,78.8,94,40,3.44,LR,scattered clouds
548,Alice Springs,-23.7,133.8833,68.0,77,21,4.61,AU,few clouds
549,Corrente,-3.7367,-43.3394,74.17,94,53,1.97,BR,light rain
550,Emerald,-23.5333,148.1667,68.0,94,8,5.75,AU,clear sky
551,Murgab,37.4966,61.9714,59.0,88,90,11.5,TM,overcast clouds
552,Dunedin,-45.8742,170.5036,63.0,82,100,1.99,NZ,moderate rain
553,Ashland,40.8167,-82.2665,66.2,42,1,17.27,US,clear sky
554,Palmer,42.1584,-72.3287,64.0,34,75,11.5,US,broken clouds
555,Majene,-3.5403,118.9707,77.97,85,100,6.31,ID,moderate rain
556,Darab,28.7519,54.5444,67.53,20,97,2.62,IR,overcast clouds
557,Tilichiki,60.4667,166.1,3.51,89,100,11.99,RU,light snow
558,Tallahassee,30.4383,-84.2807,84.99,58,75,11.5,US,broken clouds
559,Glendive,47.1053,-104.7125,44.6,49,75,24.16,US,broken clouds
560,Black River,18.0264,-77.8487,84.2,65,20,23.02,JM,few clouds
561,Eyl,7.9803,49.8164,78.4,81,89,13.38,SO,overcast clouds
562,Biltine,14.5333,20.9167,79.52,12,2,23.8,TD,clear sky
563,Salonta,46.8,21.65,50.0,61,72,6.91,RO,broken clouds
564,El Alto,-4.2714,-81.2147,87.8,45,0,10.36,PE,clear sky
565,Madaoua,14.073,5.96,73.54,11,5,11.34,NE,clear sky
566,Chunhuhub,19.55,-88.6833,91.13,40,66,9.33,MX,broken clouds
567,Edea,3.8,10.1333,78.8,100,20,2.15,CM,few clouds
568,Esmeraldas,-19.7625,-44.3139,86.0,48,40,2.3,BR,scattered clouds
569,Ipora,-16.4419,-51.1178,77.54,63,16,1.39,BR,few clouds
570,Camacha,33.0833,-16.3333,64.4,88,40,21.85,PT,scattered clouds
571,General Pico,-35.6566,-63.7568,57.54,89,100,9.98,AR,overcast clouds
572,Great Falls,47.5002,-111.3008,57.2,23,1,14.97,US,clear sky
573,Cerritos,33.8583,-118.0648,80.01,40,1,9.22,US,clear sky
574,Toora-Khem,52.4675,96.11,13.35,96,84,1.81,RU,broken clouds
575,Dunda,-8.1167,34.25,63.14,94,100,1.48,TZ,overcast clouds
576,Kaeo,-35.1,173.7833,69.01,81,100,5.01,NZ,overcast clouds
577,Muros,42.7762,-9.0603,55.0,69,0,6.44,ES,clear sky
578,Kununurra,-15.7667,128.7333,78.8,94,75,1.14,AU,broken clouds
579,Sinnamary,5.3833,-52.95,78.6,84,87,11.07,GF,overcast clouds
580,Elizabeth City,36.2946,-76.2511,68.0,56,90,8.05,US,overcast clouds
581,Price,39.5994,-110.8107,51.8,30,1,11.5,US,clear sky
582,Okhotsk,59.3833,143.3,1.71,94,100,4.83,RU,overcast clouds
583,Assomada,15.1,-23.6833,69.8,68,20,26.46,CV,few clouds
584,Isangel,-19.55,169.2667,80.13,80,6,7.96,VU,clear sky
585,Zhigansk,66.7697,123.3711,0.93,98,93,4.52,RU,overcast clouds
586,Jawhar,2.7809,45.5005,78.58,82,89,11.99,SO,overcast clouds
587,Linfen,36.0889,111.5189,56.39,44,56,3.74,CN,broken clouds
588,Champerico,14.3,-91.9167,93.2,55,40,6.91,GT,scattered clouds
589,Kontagora,10.3999,5.4695,85.69,12,93,9.64,NG,overcast clouds
590,Kikwit,-5.041,18.8162,71.44,87,9,1.03,CD,clear sky
591,Saint Anthony,45.0205,-93.218,46.4,87,90,9.22,US,light rain
592,Kidal,18.4411,1.4078,73.78,8,0,12.73,ML,clear sky
593,Clarence Town,-32.5833,151.7833,60.01,94,75,4.61,AU,broken clouds
594,Norsup,-16.0667,167.3833,82.17,78,29,7.65,VU,scattered clouds
595,Biograd Na Moru,43.9433,15.4519,54.0,87,75,6.91,HR,broken clouds
596,Belomorsk,64.5232,34.7668,34.2,90,100,9.08,RU,overcast clouds
597,Cairns,-16.9167,145.7667,75.2,88,90,5.75,AU,overcast clouds
598,Cochabamba,-17.3895,-66.1568,73.4,33,40,8.05,BO,scattered clouds
599,Zeerust,-25.5369,26.0751,60.8,77,42,3.44,ZA,scattered clouds
600,Acarau,-2.8856,-40.12,77.72,82,65,9.57,BR,broken clouds
601,Totness,5.8833,-56.3167,79.03,82,36,12.41,SR,scattered clouds
602,Severo-Yeniseyskiy,60.3725,93.0408,21.85,95,99,5.35,RU,overcast clouds
603,Saint-Augustin,51.226,-58.6502,23.22,73,85,11.03,CA,overcast clouds
604,Akhaldaba,41.654,42.1516,42.8,87,75,9.22,GE,light rain
605,Luwuk,-0.9516,122.7875,77.22,83,100,3.47,ID,overcast clouds
606,Ankpa,7.3706,7.6253,82.89,18,94,2.82,NG,overcast clouds
607,Orlik,52.5178,99.825,-5.64,96,41,2.51,RU,scattered clouds
608,Ifakara,-8.1333,36.6833,72.39,78,100,2.1,TZ,overcast clouds
609,Ippy,6.2679,21.2247,78.04,63,98,3.47,CF,overcast clouds
610,Maniitsoq,65.4167,-52.9,-4.2,77,15,7.23,GL,few clouds
611,Solnechnyy,50.7214,136.6319,24.78,97,88,1.39,RU,overcast clouds
612,Verkhnetulomskiy,68.6073,31.7962,41.0,70,75,6.71,RU,broken clouds
613,Xichang,27.8964,102.2634,53.33,70,2,1.52,CN,clear sky
614,Lakes Entrance,-37.8811,147.981,50.0,97,75,6.49,AU,broken clouds
615,Altay,47.8667,88.1167,30.61,62,33,8.59,CN,scattered clouds
616,Derzhavinsk,51.1,66.3167,29.8,98,100,3.22,KZ,light snow
617,Kailua,21.4022,-157.7394,78.8,53,75,11.5,US,broken clouds
618,Shahr-E Babak,30.1165,55.1186,62.2,23,8,8.77,IR,clear sky
619,Hinton,53.4001,-117.5857,48.2,37,96,5.75,CA,overcast clouds
620,Carballo,43.213,-8.691,51.8,82,0,2.01,ES,clear sky
621,Kuito,-12.3833,16.9333,62.83,85,100,2.37,AO,light rain
622,Hervey Bay,-25.2986,152.8535,69.01,87,0,3.0,AU,clear sky
623,Monroe,43.1501,-77.6831,54.0,66,40,6.91,US,scattered clouds
624,Nouadhibou,20.931,-17.0347,66.2,82,0,17.27,MR,clear sky
625,Amapa,1.0,-52.0,73.02,97,100,3.27,BR,heavy intensity rain
626,Mezhdurechensk,53.6942,88.0603,25.65,97,100,3.04,RU,overcast clouds
627,Takoradi,4.8845,-1.7554,79.56,84,97,6.04,GH,overcast clouds
628,Aripuana,-9.1667,-60.6333,80.51,87,36,2.17,BR,scattered clouds
629,Northam,51.0333,-4.2167,50.0,81,100,15.01,GB,overcast clouds
630,Gijon,43.5357,-5.6615,52.0,87,5,1.99,ES,clear sky
631,Ilorin,8.5,4.55,87.8,40,0,1.99,NG,clear sky
632,Coahuayana,18.7333,-103.6833,82.4,42,20,9.22,MX,few clouds
633,La Ronge,55.1001,-105.2842,26.6,50,100,5.75,CA,overcast clouds
634,Pampas,-12.4,-74.9,58.82,64,74,7.36,PE,broken clouds
635,Rudbar,30.15,62.6,82.51,15,0,9.28,AF,clear sky
636,Balikpapan,-1.2675,116.8289,73.54,92,86,3.98,ID,heavy intensity rain
637,Puerto Leguizamo,-0.1934,-74.7819,80.51,86,70,2.82,CO,broken clouds
638,Stafford,52.8052,-2.1164,46.0,56,100,5.01,GB,overcast clouds
639,Waterboro,43.5356,-70.7151,54.0,62,1,5.75,US,clear sky
640,Roma,43.2128,-75.4557,48.99,53,90,2.57,US,overcast clouds
641,Altamont,42.2068,-121.7372,62.01,30,1,3.44,US,clear sky
642,Kapuskasing,49.4169,-82.4331,39.2,38,100,3.44,CA,overcast clouds
643,Mabai,23.0128,104.4508,57.52,93,92,2.28,CN,overcast clouds
644,Ormara,25.2088,64.6357,77.41,81,88,12.28,PK,overcast clouds
645,Maralal,1.0968,36.698,62.2,57,100,4.85,KE,overcast clouds
646,Bergama,39.1207,27.1805,50.0,66,0,2.3,TR,clear sky
647,Normandin,48.8333,-72.5321,37.4,60,91,13.8,CA,overcast clouds
648,Graham,47.0529,-122.2943,55.99,62,1,3.36,US,clear sky
649,Visnes,59.3556,5.2242,42.01,87,44,8.05,NO,scattered clouds
650,Bay Roberts,47.5999,-53.2648,28.99,96,100,13.0,CA,snow
651,Souillac,-20.5167,57.5167,77.0,83,75,5.75,MU,broken clouds
652,Tynda,55.1667,124.7167,19.27,97,100,2.35,RU,light snow
653,Caucaia,-3.7361,-38.6531,78.8,83,40,3.44,BR,scattered clouds
654,Port Blair,11.6667,92.75,82.4,78,75,2.3,IN,moderate rain
655,La Crosse,43.8014,-91.2396,46.4,93,90,2.33,US,mist
656,Talara,-4.5772,-81.2719,87.8,45,0,10.36,PE,clear sky
657,Kieta,-6.2167,155.6333,80.69,79,96,5.86,PG,light rain
658,La Orilla,17.9833,-102.2333,82.45,45,0,10.33,MX,clear sky
659,Zempoala,19.45,-96.4167,89.01,58,1,9.22,MX,clear sky
660,Zaozhuang,34.8647,117.5542,51.1,94,0,4.12,CN,clear sky
661,Diamantino,-14.4086,-56.4461,79.65,74,50,5.41,BR,scattered clouds
662,Watertown,42.3709,-71.1828,62.01,44,1,11.5,US,clear sky
663,Ginir,7.1333,40.7,61.05,34,100,5.32,ET,overcast clouds
664,Ejura,7.3856,-1.3562,79.84,74,84,3.27,GH,moderate rain
665,Brownsburg,39.8434,-86.3978,73.99,38,1,11.5,US,clear sky
666,Xai-Xai,-25.0519,33.6442,77.22,72,33,14.61,MZ,scattered clouds
667,Uyuni,-20.4597,-66.825,62.08,35,49,14.67,BO,scattered clouds
668,Biak,-0.9131,122.8766,76.28,82,100,3.65,ID,overcast clouds
669,Fort-Shevchenko,44.5086,50.263,40.62,76,96,14.63,KZ,overcast clouds
670,Lashio,22.9333,97.75,59.85,37,7,1.63,MM,clear sky
671,Thaton,16.9206,97.3714,80.28,78,53,3.04,MM,broken clouds
672,Christchurch,-43.5333,172.6333,72.0,60,41,5.75,NZ,scattered clouds
673,Elko,41.0002,-115.5012,55.99,30,1,6.22,US,clear sky
674,Bundoran,54.4778,-8.2809,48.99,93,90,26.46,IE,overcast clouds
675,Kurdzhinovo,43.9884,40.9552,30.65,84,80,4.43,RU,broken clouds
676,Nova Olinda Do Norte,-3.8881,-59.0942,81.37,83,69,3.09,BR,broken clouds
677,Alim,9.5649,122.4876,78.94,78,99,5.93,PH,overcast clouds
678,Uige,-7.6087,15.0613,67.17,95,83,2.42,AO,broken clouds
679,Bako,5.7833,36.5667,69.91,43,100,3.13,ET,overcast clouds
680,Davila,18.4726,120.5763,78.51,79,62,3.94,PH,broken clouds
681,Hualmay,-11.0964,-77.6139,73.69,73,19,7.63,PE,few clouds
682,Rodrigues Alves,-7.738,-72.6509,84.2,74,75,4.61,BR,broken clouds
683,Kualakapuas,-3.0091,114.3876,75.2,100,87,2.3,ID,overcast clouds
684,Pokhara,28.2333,83.9833,64.26,20,5,6.96,NP,clear sky
685,Rocha,-34.4833,-54.3333,71.37,84,100,4.9,UY,overcast clouds
686,Ketchikan,55.3422,-131.6461,42.8,100,90,16.11,US,moderate rain
687,Loandjili,-4.7561,11.8578,84.2,79,20,10.36,CG,few clouds
688,Beaverlodge,55.2166,-119.4361,41.0,65,75,3.44,CA,broken clouds
689,Arroyo,41.6096,-4.7969,52.0,66,0,5.75,ES,clear sky
690,Puerto Colombia,10.9878,-74.9547,80.22,75,0,27.09,CO,clear sky
691,Tomatlan,19.9333,-105.25,85.96,31,83,9.75,MX,broken clouds
692,Yenagoa,4.9247,6.2642,79.23,84,100,4.07,NG,overcast clouds
693,Sorland,67.667,12.6934,40.39,83,100,28.54,NO,overcast clouds
694,Muyezerskiy,63.9333,31.65,34.02,90,98,9.89,RU,overcast clouds
695,Gonen,40.1049,27.654,46.0,81,0,3.44,TR,clear sky
696,Baherden,38.4362,57.4316,59.99,45,53,12.44,TM,broken clouds
697,Ugoofaaru,5.6667,73.0,82.29,75,100,12.95,MV,overcast clouds
698,Zyryanka,65.75,150.85,-14.94,98,56,6.96,RU,broken clouds
699,Florianopolis,-27.6146,-48.5012,82.99,78,75,9.22,BR,broken clouds
700,Inhambane,-23.865,35.3833,71.91,90,0,6.31,MZ,clear sky
